case_idx,run_in_case,method,shape_x,shape_y,shape_z,spacing_x_mm,spacing_y_mm,spacing_z_mm,patch_shape_mm,n_patches,sampling_radius_mm,rotation_x_deg,rotation_y_deg,rotation_z_deg,seed,time_naive_s,time_method_s,speed_ratio_method_over_naive,speedup_naive_over_method,position_unrot_max_err_mm,position_rot_max_err_mm,patch_norm_mae,patch_norm_abs_p95
0,0,optimized_fused,96,96,64,0.6,0.6,1.0,"(16.0, 16.0, 1.0)",16,14.0,-7.329666411609885,11.894618293309364,7.0501868300389825,488200390,0.03049466700758785,0.0006229580612853169,0.020428426423882876,48.95139641450307,0.0,0.0,0.02934490703046322,0.08261805772781372
0,0,optimized_local,96,96,64,0.6,0.6,1.0,"(16.0, 16.0, 1.0)",16,14.0,-7.329666411609885,11.894618293309364,7.0501868300389825,488200390,0.03049466700758785,0.010604333016090095,0.34774385348925,2.875679871739023,0.0,0.0,0.031539417803287506,0.09873709082603455
1,0,optimized_fused,88,72,48,1.2,0.9,2.0,"(16.0, 1.0, 16.0)",16,22.0,-6.687442885344619,3.932350143487593,-12.530632575851467,839901363,0.03323862503748387,0.0005174999823793769,0.015569235544363874,64.22922931254669,0.0,0.0,0.022148501127958298,0.05863294005393982
1,0,optimized_local,88,72,48,1.2,0.9,2.0,"(16.0, 1.0, 16.0)",16,22.0,-6.687442885344619,3.932350143487593,-12.530632575851467,839901363,0.03323862503748387,0.005101750022731721,0.15348859999408443,6.515141841404122,0.0,0.0,0.02625892497599125,0.0892372727394104
